Workbook

Sheet 개요
A1: 라움 브랜딩 실행계획 (12개월)
A2: 대행사 제안용 초안 · 작성 2026-10-02 · 노란 칸은 직접 입력
A4: 착수일(입력) | B4: 46388 | C4: ← 바꾸면 간트차트 월 표시가 자동으로 바뀝니다
A5: 브랜드 콘셉트(안) | B5: 호텔에서는 할 수 없는 웨딩 — 서울 한가운데의 유럽 고성
A6: 목표 | B6: ① 브랜드 검색량 증가 ② 투어→계약 전환율 개선 ③ 평균 계약 단가 유지·상승(할인 의존 축소)
A8: 단계 | B8: 목적 | C8: 기간 | D8: 과제 수 | E8: 상 우선 과제
A9: P0 착수·진단 | B9: 현황 파악과 기준값 측정 | C9: ="M"&_xlfn.MINIFS('실행계획'!$I$5:$I$35,'실행계획'!$B$5:$B$35,A9)&" ~ M"&_xlfn.MAXIFS('실행계획'!$J$5:$J$35,'실행계획'!$B$5:$B$35,A9) | D9: =COUNTIF('실행계획'!$B$5:$B$35,A9) | E9: =COUNTIFS('실행계획'!$B$5:$B$35,A9,'실행계획'!$L$5:$L$35,"상")
A10: P1 브랜드 기초 정비 | B10: 명칭·채널 정리, 검색 노출 기반 | C10: ="M"&_xlfn.MINIFS('실행계획'!$I$5:$I$35,'실행계획'!$B$5:$B$35,A10)&" ~ M"&_xlfn.MAXIFS('실행계획'!$J$5:$J$35,'실행계획'!$B$5:$B$35,A10) | D10: =COUNTIF('실행계획'!$B$5:$B$35,A10) | E10: =COUNTIFS('실행계획'!$B$5:$B$35,A10,'실행계획'!$L$5:$L$35,"상")
A11: P2 콘셉트·비주얼 | B11: 브랜드 콘셉트와 비주얼 시스템 | C11: ="M"&_xlfn.MINIFS('실행계획'!$I$5:$I$35,'실행계획'!$B$5:$B$35,A11)&" ~ M"&_xlfn.MAXIFS('실행계획'!$J$5:$J$35,'실행계획'!$B$5:$B$35,A11) | D11: =COUNTIF('실행계획'!$B$5:$B$35,A11) | E11: =COUNTIFS('실행계획'!$B$5:$B$35,A11,'실행계획'!$L$5:$L$35,"상")
A12: P3 콘텐츠 운영 | B12: 인스타·유튜브·블로그 상시 운영 | C12: ="M"&_xlfn.MINIFS('실행계획'!$I$5:$I$35,'실행계획'!$B$5:$B$35,A12)&" ~ M"&_xlfn.MAXIFS('실행계획'!$J$5:$J$35,'실행계획'!$B$5:$B$35,A12) | D12: =COUNTIF('실행계획'!$B$5:$B$35,A12) | E12: =COUNTIFS('실행계획'!$B$5:$B$35,A12,'실행계획'!$L$5:$L$35,"상")
A13: P4 상품·경험 설계 | B13: 시그니처 패키지, 1:1 투어, 쇼케이스 | C13: ="M"&_xlfn.MINIFS('실행계획'!$I$5:$I$35,'실행계획'!$B$5:$B$35,A13)&" ~ M"&_xlfn.MAXIFS('실행계획'!$J$5:$J$35,'실행계획'!$B$5:$B$35,A13) | D13: =COUNTIF('실행계획'!$B$5:$B$35,A13) | E13: =COUNTIFS('실행계획'!$B$5:$B$35,A13,'실행계획'!$L$5:$L$35,"상")
A14: P5 노출 확장 | B14: 웨딩 외 행사·촬영·PR | C14: ="M"&_xlfn.MINIFS('실행계획'!$I$5:$I$35,'실행계획'!$B$5:$B$35,A14)&" ~ M"&_xlfn.MAXIFS('실행계획'!$J$5:$J$35,'실행계획'!$B$5:$B$35,A14) | D14: =COUNTIF('실행계획'!$B$5:$B$35,A14) | E14: =COUNTIFS('실행계획'!$B$5:$B$35,A14,'실행계획'!$L$5:$L$35,"상")
A15: P6 성과 관리 | B15: 리포트·개선 | C15: ="M"&_xlfn.MINIFS('실행계획'!$I$5:$I$35,'실행계획'!$B$5:$B$35,A15)&" ~ M"&_xlfn.MAXIFS('실행계획'!$J$5:$J$35,'실행계획'!$B$5:$B$35,A15) | D15: =COUNTIF('실행계획'!$B$5:$B$35,A15) | E15: =COUNTIFS('실행계획'!$B$5:$B$35,A15,'실행계획'!$L$5:$L$35,"상")
A16: 합계 | D16: =SUM(D9:D15) | E16: =SUM(E9:E15)
A18: 진행 현황
A19: 예정 | B19: =COUNTIF('실행계획'!$N$5:$N$35,A19)
A20: 진행중 | B20: =COUNTIF('실행계획'!$N$5:$N$35,A20)
A21: 완료 | B21: =COUNTIF('실행계획'!$N$5:$N$35,A21)
A22: 보류 | B22: =COUNTIF('실행계획'!$N$5:$N$35,A22)
A23: 완료율 | B23: =IF(D16=0,0,B21/D16)
A25: 시트 안내
A26: 실행계획 | B26: 과제별 상세(담당·기간·산출물·KPI). 상태 칸을 드롭다운으로 바꾸면 개요에 반영
A27: 간트차트 | B27: 12개월 일정 한눈에 보기 (자동 색칠)
A28: 콘텐츠 캘린더 | B28: 월별 콘텐츠 주제와 발행 수
A29: KPI | B29: 지표 정의 + 기준값·목표 입력
A30: 역할분담 | B30: 대행사/라움 책임 구분(RACI)
A31: 예산 | B31: 안(기본/표준/확장)별 항목과 금액 입력
A32: 가정·주의 | B32: 근거와 한계

Sheet 실행계획
A1: 실행계획 (WBS)
A2: 필터로 단계·담당·적용안별로 볼 수 있습니다 · 상태/비고는 직접 입력
A4: ID | B4: 단계 | C4: 영역 | D4: 과제 | E4: 세부 실행 | F4: 산출물 | G4: 담당 | H4: 적용안 | I4: 시작(M) | J4: 종료(M) | K4: 기간(개월) | L4: 우선순위 | M4: 연결 KPI | N4: 상태 | O4: 비고
A5: T01 | B5: P0 착수·진단 | C5: 공통 | D5: 킥오프 미팅 | E5: 목표·예산·의사결정 라인·보고 주기 합의, 내부 자료(문의·계약 데이터) 요청 | F5: 킥오프 회의록 | G5: 공동 | H5: 기본 | I5: 1 | J5: 1 | K5: =J5-I5+1 | L5: 상 | M5: 전체 | N5: 예정
A6: T02 | B6: P0 착수·진단 | C6: 분석 | D6: 채널 현황 진단 | E6: 네이버 플레이스·블로그, 인스타, 유튜브, 웨딩 플랫폼별 표기·리뷰·게시 빈도 점검 | F6: 채널 진단 리포트 | G6: 대행사 | H6: 기본 | I6: 1 | J6: 1 | K6: =J6-I6+1 | L6: 상 | M6: 브랜드 검색량 | N6: 예정
A7: T03 | B7: P0 착수·진단 | C7: 분석 | D7: 경쟁사 벤치마크 | E7: 특급호텔 2곳 + 강남 고급 웨딩홀 2곳 채널·메시지·가격 포지션 비교 | F7: 경쟁 비교표 | G7: 대행사 | H7: 기본 | I7: 1 | J7: 1 | K7: =J7-I7+1 | L7: 상 | M7: - | N7: 예정
A8: T04 | B8: P0 착수·진단 | C8: 분석 | D8: 고객 인사이트 조사 | E8: 최근 계약·미계약 고객 인터뷰 5~10건, 리뷰 키워드 분석 | F8: 인사이트 리포트 | G8: 공동 | H8: 표준 | I8: 1 | J8: 2 | K8: =J8-I8+1 | L8: 중 | M8: 투어→계약 전환율 | N8: 예정
A9: T05 | B9: P0 착수·진단 | C9: 측정 | D9: KPI 기준값 측정 | E9: 검색량·전환율·평균 단가·할인율 현재값 기록 (KPI 시트 입력) | F9: KPI 기준값표 | G9: 공동 | H9: 기본 | I9: 1 | J9: 1 | K9: =J9-I9+1 | L9: 상 | M9: 전체 | N9: 예정
A10: T06 | B10: P1 브랜드 기초 정비 | C10: 브랜드 | D10: 공식 명칭 확정 | E10: 라움아트센터/소셜베뉴 라움/더라움 중 1개 확정 (라움 의사결정 필요) | F10: 명칭 가이드 | G10: 라움 | H10: 기본 | I10: 1 | J10: 1 | K10: =J10-I10+1 | L10: 상 | M10: 브랜드 검색량 | N10: 예정
A11: T07 | B11: P1 브랜드 기초 정비 | C11: 채널 | D11: 네이버 플레이스 최적화 | E11: 명칭·사진·소개문·예약 링크·FAQ 정비, 리뷰 답글 정책 수립 | F11: 플레이스 정비 완료 | G11: 대행사 | H11: 기본 | I11: 1 | J11: 2 | K11: =J11-I11+1 | L11: 상 | M11: 플레이스 리뷰·평점 | N11: 예정
A12: T08 | B12: P1 브랜드 기초 정비 | C12: 채널 | D12: 웨딩 플랫폼 정보 통일 | E12: 다이렉트결혼준비·웨딩북 등 입점 정보·사진·가격 안내 통일 | F12: 플랫폼 정비 체크리스트 | G12: 공동 | H12: 기본 | I12: 1 | J12: 2 | K12: =J12-I12+1 | L12: 상 | M12: 투어 예약 수 | N12: 예정
A13: T09 | B13: P1 브랜드 기초 정비 | C13: 채널 | D13: 공식 홈페이지 개선 | E13: 모바일 투어 예약 동선, 홀별 상세, 문의 폼 추적 설정 | F13: 홈페이지 개선안 | G13: 대행사 | H13: 표준 | I13: 2 | J13: 3 | K13: =J13-I13+1 | L13: 중 | M13: 투어 예약 수 | N13: 예정
A14: T10 | B14: P1 브랜드 기초 정비 | C14: 측정 | D14: 측정 환경 세팅 | E14: 문의 경로 태깅(UTM), 문의→투어→계약 관리 시트 구축 | F14: 트래킹 시트 | G14: 공동 | H14: 기본 | I14: 1 | J14: 2 | K14: =J14-I14+1 | L14: 상 | M14: 투어→계약 전환율 | N14: 예정
A15: T11 | B15: P2 콘셉트·비주얼 | C15: 브랜드 | D15: 브랜드 콘셉트 수립 | E15: 핵심 메시지 1문장 + 보조 메시지 3개 (예: 호텔에서는 할 수 없는 웨딩) | F15: 브랜드 북(메시지) | G15: 대행사 | H15: 표준 | I15: 2 | J15: 3 | K15: =J15-I15+1 | L15: 상 | M15: - | N15: 예정
A16: T12 | B16: P2 콘셉트·비주얼 | C16: 브랜드 | D16: 비주얼 가이드 | E16: 사진 톤·컬러·폰트·로고 사용 규칙 | F16: 비주얼 가이드 | G16: 대행사 | H16: 표준 | I16: 2 | J16: 4 | K16: =J16-I16+1 | L16: 상 | M16: - | N16: 예정
... A35: T31 | B35: P6 성과 관리 | C35: 리포트 | D35: 연간 성과 보고 | E35: 12개월 결과 및 차년도 제안 | F35: 연간 보고서 | G35: 대행사 | H35: 기본 | I35: 12 | J35: 12 | K35: =J35-I35+1 | L35: 중 | M35: 전체 | N35: 예정

Sheet 간트차트
A1: 12개월 간트차트
A2: 실행계획 시트와 연동 · 색은 단계별 · 착수일은 개요 시트 B4
G3: M1 | H3: M2 | I3: M3 | J3: M4 | K3: M5 | L3: M6 | M3: M7 | N3: M8 | O3: M9 | P3: M10 | Q3: M11 | R3: M12
A4: ID | B4: 단계 | C4: 과제 | D4: 담당 | E4: 시작 | F4: 종료 | G4: =EDATE('개요'!$B$4,0) | H4: =EDATE('개요'!$B$4,1) | I4: =EDATE('개요'!$B$4,2) | J4: =EDATE('개요'!$B$4,3) | K4: =EDATE('개요'!$B$4,4) | L4: =EDATE('개요'!$B$4,5) | M4: =EDATE('개요'!$B$4,6) | N4: =EDATE('개요'!$B$4,7) | O4: =EDATE('개요'!$B$4,8) | P4: =EDATE('개요'!$B$4,9) | Q4: =EDATE('개요'!$B$4,10) | R4: =EDATE('개요'!$B$4,11)
A5: ='실행계획'!A5 | B5: ='실행계획'!B5 | C5: ='실행계획'!D5 | D5: ='실행계획'!G5 | E5: ='실행계획'!I5 | F5: ='실행계획'!J5
A6: ='실행계획'!A6 | B6: ='실행계획'!B6 | C6: ='실행계획'!D6 | D6: ='실행계획'!G6 | E6: ='실행계획'!I6 | F6: ='실행계획'!J6
A7: ='실행계획'!A7 | B7: ='실행계획'!B7 | C7: ='실행계획'!D7 | D7: ='실행계획'!G7 | E7: ='실행계획'!I7 | F7: ='실행계획'!J7
A8: ='실행계획'!A8 | B8: ='실행계획'!B8 | C8: ='실행계획'!D8 | D8: ='실행계획'!G8 | E8: ='실행계획'!I8 | F8: ='실행계획'!J8
A9: ='실행계획'!A9 | B9: ='실행계획'!B9 | C9: ='실행계획'!D9 | D9: ='실행계획'!G9 | E9: ='실행계획'!I9 | F9: ='실행계획'!J9
A10: ='실행계획'!A10 | B10: ='실행계획'!B10 | C10: ='실행계획'!D10 | D10: ='실행계획'!G10 | E10: ='실행계획'!I10 | F10: ='실행계획'!J10
A11: ='실행계획'!A11 | B11: ='실행계획'!B11 | C11: ='실행계획'!D11 | D11: ='실행계획'!G11 | E11: ='실행계획'!I11 | F11: ='실행계획'!J11
A12: ='실행계획'!A12 | B12: ='실행계획'!B12 | C12: ='실행계획'!D12 | D12: ='실행계획'!G12 | E12: ='실행계획'!I12 | F12: ='실행계획'!J12
A13: ='실행계획'!A13 | B13: ='실행계획'!B13 | C13: ='실행계획'!D13 | D13: ='실행계획'!G13 | E13: ='실행계획'!I13 | F13: ='실행계획'!J13
A14: ='실행계획'!A14 | B14: ='실행계획'!B14 | C14: ='실행계획'!D14 | D14: ='실행계획'!G14 | E14: ='실행계획'!I14 | F14: ='실행계획'!J14
A15: ='실행계획'!A15 | B15: ='실행계획'!B15 | C15: ='실행계획'!D15 | D15: ='실행계획'!G15 | E15: ='실행계획'!I15 | F15: ='실행계획'!J15
A16: ='실행계획'!A16 | B16: ='실행계획'!B16 | C16: ='실행계획'!D16 | D16: ='실행계획'!G16 | E16: ='실행계획'!I16 | F16: ='실행계획'!J16
... A35: ='실행계획'!A35 | B35: ='실행계획'!B35 | C35: ='실행계획'!D35 | D35: ='실행계획'!G35 | E35: ='실행계획'!I35 | F35: ='실행계획'!J35
A37: 범례
B38: P0 착수·진단
B39: P1 브랜드 기초 정비
B40: P2 콘셉트·비주얼
B41: P3 콘텐츠 운영
B42: P4 상품·경험 설계
B43: P5 노출 확장
B44: P6 성과 관리

Sheet 콘텐츠 캘린더
A1: 콘텐츠 캘린더 (M3~M12)
A2: 발행 수는 계획값 · 실제 발행 수는 직접 입력
A4: 월 | B4: 월간 테마 | C4: 인스타 릴스 | D4: 인스타 피드 | E4: 건축 비하인드 | F4: 블로그 | G4: 유튜브 | H4: PR/이벤트 | I4: 계획 합계 | J4: 실제 발행(입력) | K4: 달성률
A5: M3 | B5: 리브랜딩 런칭 — 새 콘셉트·명칭 공개 | C5: 8 | D5: 4 | E5: 0 | F5: 4 | G5: 0 | H5: - | I5: =SUM(C5:G5) | K5: =IF(J5="","",J5/I5)
A6: M4 | B6: 체임버홀 — 9.5m 층고와 자연광 | C6: 8 | D6: 4 | E6: 2 | F6: 4 | G6: 0 | H6: 보도자료: 리브랜딩 | I6: =SUM(C6:G6) | K6: =IF(J6="","",J6/I6)
A7: M5 | B7: 그라스 가든 — 봄·이브닝 웨딩 | C7: 8 | D7: 4 | E7: 2 | F7: 4 | G7: 1 | H7: 쇼케이스 #1 | I7: =SUM(C7:G7) | K7: =IF(J7="","",J7/I7)
A8: M6 | B8: 시그니처 패키지 공개 | C8: 8 | D8: 4 | E8: 2 | F8: 4 | G8: 0 | H8: - | I8: =SUM(C8:G8) | K8: =IF(J8="","",J8/I8)
A9: M7 | B9: 마제스틱 볼룸 — 샹들리에와 연회 | C9: 8 | D9: 4 | E9: 2 | F9: 4 | G9: 0 | H9: 보도자료: 패키지 | I9: =SUM(C9:G9) | K9: =IF(J9="","",J9/I9)
A10: M8 | B10: 비수기 — 실내 웨딩·셰프 코스 | C10: 8 | D10: 4 | E10: 2 | F10: 4 | G10: 1 | H10: 쇼케이스 #2 | I10: =SUM(C10:G10) | K10: =IF(J10="","",J10/I10)
A11: M9 | B11: 가을 가든 웨딩 | C11: 8 | D11: 4 | E11: 2 | F11: 4 | G11: 0 | H11: 브랜드 행사 제휴 | I11: =SUM(C11:G11) | K11: =IF(J11="","",J11/I11)
A12: M10 | B12: 실제 커플 이야기 | C12: 8 | D12: 4 | E12: 0 | F12: 4 | G12: 0 | H12: 보도자료 | I12: =SUM(C12:G12) | K12: =IF(J12="","",J12/I12)
A13: M11 | B13: 브리제 플라워팀 비하인드 | C13: 8 | D13: 4 | E13: 0 | F13: 4 | G13: 1 | H13: 쇼케이스 #3 | I13: =SUM(C13:G13) | K13: =IF(J13="","",J13/I13)
A14: M12 | B14: 연말 결산·차년도 예약 | C14: 8 | D14: 4 | E14: 0 | F14: 4 | G14: 1 | H14: 쇼케이스 #4 | I14: =SUM(C14:G14) | K14: =IF(J14="","",J14/I14)
A15: 합계 | C15: =SUM(C5:C14) | D15: =SUM(D5:D14) | E15: =SUM(E5:E14) | F15: =SUM(F5:F14) | G15: =SUM(G5:G14) | I15: =SUM(I5:I14) | J15: =SUM(J5:J14)

Sheet KPI
A1: KPI 정의 및 목표
A2: 기준값은 P0 진단에서 측정 · 목표는 클라이언트와 합의 후 입력 (임의 수치 미기재)
A4: 구분 | B4: 지표 | C4: 정의/계산식 | D4: 측정 도구 | E4: 측정 주기 | F4: 담당 | G4: 기준값(입력) | H4: 3개월 목표 | I4: 6개월 목표 | J4: 12개월 목표 | K4: 현재값(입력) | L4: 기준 대비
A5: 브랜드 | B5: 브랜드 검색량 | C5: 네이버 '라움 웨딩' 등 브랜드 키워드 월 검색수 | D5: 네이버 데이터랩/검색광고 키워드도구 | E5: 월 | F5: 대행사 | L5: =IF(OR(G5="",K5=""),"",IF(G5=0,"",K5/G5-1))
A6: 브랜드 | B6: 인스타 팔로워 | C6: 공식 계정 팔로워 수 | D6: 인스타 인사이트 | E6: 월 | F6: 대행사 | L6: =IF(OR(G6="",K6=""),"",IF(G6=0,"",K6/G6-1))
A7: 브랜드 | B7: 인스타 저장·공유 수 | C7: 월간 게시물 저장+공유 합계 (콘텐츠 매력도) | D7: 인스타 인사이트 | E7: 월 | F7: 대행사 | L7: =IF(OR(G7="",K7=""),"",IF(G7=0,"",K7/G7-1))
A8: 브랜드 | B8: 플레이스 평점·리뷰 수 | C8: 네이버 플레이스 평점 / 누적 리뷰 수 | D8: 네이버 플레이스 | E8: 월 | F8: 공동 | L8: =IF(OR(G8="",K8=""),"",IF(G8=0,"",K8/G8-1))
A9: 영업 | B9: 월 문의 수 | C9: 전화·폼·플랫폼 문의 합계 (경로별 태깅) | D9: 문의 관리 시트 | E9: 월 | F9: 라움 | L9: =IF(OR(G9="",K9=""),"",IF(G9=0,"",K9/G9-1))
A10: 영업 | B10: 월 투어 수 | C10: 실제 방문 투어 건수 | D10: 문의 관리 시트 | E10: 월 | F10: 라움 | L10: =IF(OR(G10="",K10=""),"",IF(G10=0,"",K10/G10-1))
A11: 영업 | B11: 투어→계약 전환율 | C11: 계약 수 ÷ 투어 수 | D11: 문의 관리 시트 | E11: 월 | F11: 라움 | L11: =IF(OR(G11="",K11=""),"",IF(G11=0,"",K11/G11-1))
A12: 매출 | B12: 평균 계약 단가 | C12: 총 계약 금액 ÷ 계약 수 | D12: 라움 내부 데이터 | E12: 분기 | F12: 라움 | L12: =IF(OR(G12="",K12=""),"",IF(G12=0,"",K12/G12-1))
A13: 매출 | B13: 평균 할인율 | C13: (정가-계약가) ÷ 정가 평균 | D13: 라움 내부 데이터 | E13: 분기 | F13: 라움 | L13: =IF(OR(G13="",K13=""),"",IF(G13=0,"",K13/G13-1))
A14: 효율 | B14: 투어 예약당 광고비 | C14: 광고비 ÷ 광고 경로 투어 예약 수 | D14: 광고 관리자+문의 시트 | E14: 월 | F14: 대행사 | L14: =IF(OR(G14="",K14=""),"",IF(G14=0,"",K14/G14-1))
A16: 입력 예시: 기준값 '1,200'(월 검색수), 전환율은 '0.25'처럼 소수로 입력하면 25%로 계산됩니다. 할인율·전환율은 낮아지거나 높아지는 방향을 함께 확인하세요.

Sheet 역할분담
A1: 역할분담 (RACI)
A2: R=실행 A=최종 승인 C=협의 I=공유 · 성과 책임 범위를 제안 단계에서 명확히
A4: 업무 | B4: 대행사 | C4: 라움 마케팅 담당 | D4: 라움 운영(투어·연회) | E4: 라움 대표/의사결정자
A5: 공식 명칭·콘셉트 확정 | B5: R | C5: C | D5: I | E5: A
A6: 채널 정비(플레이스·플랫폼) | B6: R | C6: A | D6: I | E6: I
A7: 콘텐츠 제작·발행 | B7: R | C7: A | D7: C | E7: I
A8: 화보·필름 촬영 | B8: R | C8: A | D8: C | E8: I
A9: 광고 집행·예산 배분 | B9: R | C9: A | D9: I | E9: C
A10: 시그니처 패키지·가격 | B10: C | C10: R | D10: C | E10: A
A11: 1:1 투어 운영 | B11: C | C11: C | D11: R | E11: A
A12: 쇼케이스 운영 | B12: C | C12: R | D12: R | E12: A
A13: 문의·계약 데이터 기록 | B13: I | C13: R | D13: R | E13: I
A14: 월간 리포트 | B14: R | C14: A | D14: I | E14: I
A15: 외부 제휴·대관 | B15: C | C15: R | D15: C | E15: A

Sheet 예산
A1: 예산 구성 (안별)
A2: 금액은 귀사 단가표 기준으로 입력 · O 표시된 항목만 안별 합계에 포함
A4: 항목 | B4: 구분 | C4: 기본 | D4: 표준 | E4: 확장 | F4: 금액(원, 입력) | G4: 비고
A5: 착수 진단·벤치마크 | B5: 일회성 | C5: O | D5: O | E5: O
A6: 채널 정비(플레이스·플랫폼) | B6: 일회성 | C6: O | D6: O | E6: O
A7: 홈페이지 개선 | B7: 일회성 | D7: O | E7: O
A8: 브랜드 콘셉트·비주얼 가이드 | B8: 일회성 | D8: O | E8: O
A9: 브랜드 화보 촬영 | B9: 일회성 | D9: O | E9: O
A10: 브랜드 필름 제작 | B10: 일회성 | E10: O
A11: 인스타·블로그 운영(월)×12 | B11: 운영 | C11: O | D11: O | E11: O
A12: 건축 비하인드 시리즈 | B12: 운영 | D12: O | E12: O
A13: 광고 운영 대행 수수료 | B13: 운영 | D13: O | E13: O
A14: 광고 집행비(매체비) | B14: 매체 | D14: O | E14: O
A15: 크리에이터 협업 | B15: 운영 | D15: O | E15: O
A16: 시그니처 패키지·투어 매뉴얼 기획 | B16: 일회성 | D16: O | E16: O
A17: 쇼케이스 기획(분기) | B17: 운영 | D17: O | E17: O
A18: 커플 다큐(분기) | B18: 운영 | E18: O
A19: 언론 PR | B19: 운영 | E19: O
A20: 브랜드 행사·대관 제휴 | B20: 운영 | E20: O
A21: 월간·분기 리포트 | B21: 운영 | C21: O | D21: O | E21: O
A22: 안별 합계 | C22: =SUMIF(C5:C21,"O",$F$5:$F$21) | D22: =SUMIF(D5:D21,"O",$F$5:$F$21) | E22: =SUMIF(E5:E21,"O",$F$5:$F$21)
A23: 항목 수 | C23: =COUNTIF(C5:C21,"O") | D23: =COUNTIF(D5:D21,"O") | E23: =COUNTIF(E5:E21,"O")
A25: 매체비는 대행 수수료와 분리해 표기하는 것을 권장합니다 (클라이언트가 실제 광고 집행액을 확인할 수 있도록).

Sheet 가정·주의
A1: 가정·근거·주의사항
A2: 제안 전에 확인할 것
A4: 구분 | B4: 내용
A5: 근거[확인됨] | B5: 라움 홀 구성(체임버홀 층고 9.5m, 마제스틱 볼룸 6.7m, 그라스 가든), 2010년 개관, 스키보 캐슬 모티브, 부르고뉴 석 — 출처: m.theraum.co.kr 공식 웨딩 페이지
A6: 근거[확인됨] | B6: 온라인상 명칭 혼재(라움아트센터/소셜베뉴 라움/더라움) — 웹 검색 결과 기준. 의도적 리브랜딩 여부는 미확인
A7: 가정 | B7: 착수일 2027-01-01은 예시입니다. 개요 시트 B4를 바꾸면 간트 월 표시가 바뀝니다
A8: 가정 | B8: 콘텐츠 발행 수(인스타 주 3회 등)는 일반적인 운영 수준을 가정한 계획값이며, 예산·인력에 맞게 조정 필요
A9: 가정 | B9: 과제별 기간(M)은 대행사 1팀 기준 추정. 라움 내부 승인 속도에 따라 P1·P4가 늦어질 수 있음
A10: 미기재 | B10: KPI 목표 수치와 예산 금액은 근거 데이터가 없어 비워두었습니다. 기준값 측정 후 합의해 입력하세요
A11: 리스크 | B11: P4(투어·패키지·쇼케이스)는 라움 운영팀이 실행 주체입니다. 성과 책임 범위를 계약서에 분리하세요
A12: 리스크 | B12: 실사용 후기·크리에이터 협업은 광고 표기 의무(공정위 추천·보증 심사지침)를 지켜야 합니다
A13: 리스크 | B13: 커플 다큐·후기 콘텐츠는 초상권·개인정보 동의서가 필요합니다
