Workbook

Sheet 요약
A1: 코스피·코스닥 외국인/기관 대량 매매일 분석
A2: 원본: '우연 수급 게시판' 시트(코스피 탭) · 2025-11-24 ~ 2026-10-02 · 210거래일 · 단위 억원
A4: 판정 기준
B5: 임계값 (z점수) | C5: 2 | D5: ← 수정 가능. z = (그날 순매수 − 전체기간 평균) ÷ 표준편차. 2 이상이면 대량매수, −2 이하면 대량매도.
B6: 평소대비(배) = |그날 순매수| ÷ 전체 기간 |순매수|의 중앙값
B8: 시장 | C8: 주체 | D8: 대량매수(일) | E8: 대량매도(일) | F8: 최대 순매수(억) | G8: 최대 매수일 | H8: 최대 순매도(억) | I8: 최대 매도일
B9: 코스피 | C9: 외국인 | D9: =COUNTIF(코스피_일별!$P$4:$P$213,"대량매수") | E9: =COUNTIF(코스피_일별!$P$4:$P$213,"대량매도") | F9: =MAX(코스피_일별!$C$4:$C$213) | G9: =INDEX(코스피_일별!$A$4:$A$213,MATCH(F9,코스피_일별!$C$4:$C$213,0)) | H9: =MIN(코스피_일별!$C$4:$C$213) | I9: =INDEX(코스피_일별!$A$4:$A$213,MATCH(H9,코스피_일별!$C$4:$C$213,0))
B10: 코스피 | C10: 기관계 | D10: =COUNTIF(코스피_일별!$S$4:$S$213,"대량매수") | E10: =COUNTIF(코스피_일별!$S$4:$S$213,"대량매도") | F10: =MAX(코스피_일별!$D$4:$D$213) | G10: =INDEX(코스피_일별!$A$4:$A$213,MATCH(F10,코스피_일별!$D$4:$D$213,0)) | H10: =MIN(코스피_일별!$D$4:$D$213) | I10: =INDEX(코스피_일별!$A$4:$A$213,MATCH(H10,코스피_일별!$D$4:$D$213,0))
B11: 코스닥 | C11: 외국인 | D11: =COUNTIF(코스닥_일별!$P$4:$P$213,"대량매수") | E11: =COUNTIF(코스닥_일별!$P$4:$P$213,"대량매도") | F11: =MAX(코스닥_일별!$C$4:$C$213) | G11: =INDEX(코스닥_일별!$A$4:$A$213,MATCH(F11,코스닥_일별!$C$4:$C$213,0)) | H11: =MIN(코스닥_일별!$C$4:$C$213) | I11: =INDEX(코스닥_일별!$A$4:$A$213,MATCH(H11,코스닥_일별!$C$4:$C$213,0))
B12: 코스닥 | C12: 기관계 | D12: =COUNTIF(코스닥_일별!$S$4:$S$213,"대량매수") | E12: =COUNTIF(코스닥_일별!$S$4:$S$213,"대량매도") | F12: =MAX(코스닥_일별!$D$4:$D$213) | G12: =INDEX(코스닥_일별!$A$4:$A$213,MATCH(F12,코스닥_일별!$D$4:$D$213,0)) | H12: =MIN(코스닥_일별!$D$4:$D$213) | I12: =INDEX(코스닥_일별!$A$4:$A$213,MATCH(H12,코스닥_일별!$D$4:$D$213,0))
A14: 주요 관찰 (분석 시점 고정 텍스트)
B15: [확인] 코스피 외국인 대량 매도 10일 중 7일이 5~6월에 집중. 최대 매도는 6/29(−7.73조), 유일한 대량 매수는 7/31(+7.24조).
B16: [확인] 이번 9월 외국인 매도(9/28~10/02 5일 합 −9.0조)는 하루 규모가 평소의 3배 수준이라 대량 매도일 목록에는 없음. 규모보다 연속성이 특징.
B17: [확인] 코스닥 9/10: 외국인 −1.13조(z −3.92), 기관 +1.40조(z +3.19). 투신 +1.27조가 기관 매수 대부분.
B18: [확인] 코스닥 기관 1/26~1/30 5일 연속 대량 매수(합계 약 +10조, 최대 18배). 원인은 미확인.
B19: [추정] 6/23~6/29 일주일 안에 기관(−4.48조, −4.12조)과 외국인(−7.73조)의 대량 매도가 몰림. 지수 등락률 데이터가 있어야 확정 가능.
B20: [주의] 코스피 '기타법인'은 2026-08-20 이후 매일 약 +1.6조(이전 중앙값 +511억). 8/20 이후 외국인·개인 순매도의 상대편이 이 열. 원인 미확인.
B21: [한계] 기준이 전체 기간 단일 값이라 변동성이 큰 2~6월이 많이 잡히고 조용한 시기의 큰 날은 덜 잡힘. 매수·매도 권유가 아닌 데이터 정리용.

Sheet 대량매매일_목록
A1: 유독 많이 사고 판 날 (z점수 ±2 이상, 단위: 억원)
A2: 분석 시점(임계값 2.0) 고정 목록입니다. 임계값을 바꾸면 '코스피_일별'·'코스닥_일별'의 구분 열이 갱신되지만 이 목록은 갱신되지 않습니다. 평소대비 = |순매수| ÷ 전체 기간 |순매수| 중앙값.
A3: 시장 | B3: 주체 | C3: 날짜 | D3: 구분 | E3: 순매수(억원) | F3: 평소대비(배) | G3: z점수
A4: 코스닥 | B4: 금융투자 | C4: 46045 | D4: 대량매수 | E4: 8014 | F4: 8.5 | G4: 2.15
A5: 코스닥 | B5: 금융투자 | C5: 46048 | D5: 대량매수 | E5: 21065 | F5: 22.5 | G5: 5.97
A6: 코스닥 | B6: 금융투자 | C6: 46049 | D6: 대량매수 | E6: 15050 | F6: 16 | G6: 4.21
A7: 코스닥 | B7: 금융투자 | C7: 46050 | D7: 대량매수 | E7: 20610 | F7: 22 | G7: 5.83
A8: 코스닥 | B8: 금융투자 | C8: 46051 | D8: 대량매수 | E8: 20993 | F8: 22.4 | G8: 5.95
A9: 코스닥 | B9: 금융투자 | C9: 46052 | D9: 대량매수 | E9: 14908 | F9: 15.9 | G9: 4.17
A10: 코스닥 | B10: 금융투자 | C10: 46056 | D10: 대량매수 | E10: 7994 | F10: 8.5 | G10: 2.15
A11: 코스닥 | B11: 금융투자 | C11: 46072 | D11: 대량매수 | E11: 9354 | F11: 10 | G11: 2.55
A12: 코스닥 | B12: 금융투자 | C12: 46185 | D12: 대량매도 | E12: -7010 | F12: 7.5 | G12: -2.24
A13: 코스닥 | B13: 기관계 | C13: 46045 | D13: 대량매수 | E13: 9735 | F13: 6.7 | G13: 2.19
A14: 코스닥 | B14: 기관계 | C14: 46048 | D14: 대량매수 | E14: 26217 | F14: 18 | G14: 6.09
A15: 코스닥 | B15: 기관계 | C15: 46049 | D15: 대량매수 | E15: 16528 | F15: 11.3 | G15: 3.79
... A105: 코스피 | B105: 투신(사모) | C105: 46254 | D105: 대량매수 | E105: 9702 | F105: 4.8 | G105: 2.07

Sheet 코스피_일별
A1: 코스피 투자자별 일별 순매수 (단위: 억원)
A2: 파란 글씨 = 원본 시트 값(입력), 검정 = 수식. 기타법인은 2026-08-20 이후 평소의 약 30배로 급증(원인 미확인). 대량 판정 임계값은 '요약' 시트 C5에서 변경.
A3: 날짜 | B3: 개인 | C3: 외국인 | D3: 기관계 | E3: 금융투자 | F3: 보험 | G3: 투신(사모) | H3: 은행 | I3: 기타금융기관 | J3: 연기금등 | K3: 기타법인 | L3: 외국인 |값| | M3: 기관계 |값| | N3: 외국인 z점수 | O3: 외국인 평소대비(배) | P3: 외국인 구분 | Q3: 기관계 z점수 | R3: 기관계 평소대비(배) | S3: 기관계 구분
A4: 46297 | B4: -17335 | C4: -1281 | D4: 3788 | E4: 4086 | F4: -58 | G4: -980 | H4: 12 | I4: 156 | J4: 572 | K4: 14828 | L4: =ABS(C4) | M4: =ABS(D4) | N4: =(C4-AVERAGE(C$4:C$213))/STDEVP(C$4:C$213) | O4: =L4/MEDIAN(L$4:L$213) | P4: =IF(N4>=요약!$C$5,"대량매수",IF(N4<=-요약!$C$5,"대량매도","")) | Q4: =(D4-AVERAGE(D$4:D$213))/STDEVP(D$4:D$213) | R4: =M4/MEDIAN(M$4:M$213) | S4: =IF(Q4>=요약!$C$5,"대량매수",IF(Q4<=-요약!$C$5,"대량매도",""))
A5: 46296 | B5: -14102 | C5: -5558 | D5: 3239 | E5: 1031 | F5: 380 | G5: 1409 | H5: 16 | I5: 170 | J5: 233 | K5: 16422 | L5: =ABS(C5) | M5: =ABS(D5) | N5: =(C5-AVERAGE(C$4:C$213))/STDEVP(C$4:C$213) | O5: =L5/MEDIAN(L$4:L$213) | P5: =IF(N5>=요약!$C$5,"대량매수",IF(N5<=-요약!$C$5,"대량매도","")) | Q5: =(D5-AVERAGE(D$4:D$213))/STDEVP(D$4:D$213) | R5: =M5/MEDIAN(M$4:M$213) | S5: =IF(Q5>=요약!$C$5,"대량매수",IF(Q5<=-요약!$C$5,"대량매도",""))
A6: 46295 | B6: 12109 | C6: -20646 | D6: -7993 | E6: -8108 | F6: 16 | G6: 135 | H6: 3 | I6: 144 | J6: -183 | K6: 16529 | L6: =ABS(C6) | M6: =ABS(D6) | N6: =(C6-AVERAGE(C$4:C$213))/STDEVP(C$4:C$213) | O6: =L6/MEDIAN(L$4:L$213) | P6: =IF(N6>=요약!$C$5,"대량매수",IF(N6<=-요약!$C$5,"대량매도","")) | Q6: =(D6-AVERAGE(D$4:D$213))/STDEVP(D$4:D$213) | R6: =M6/MEDIAN(M$4:M$213) | S6: =IF(Q6>=요약!$C$5,"대량매수",IF(Q6<=-요약!$C$5,"대량매도",""))
A7: 46294 | B7: 12447 | C7: -29922 | D7: 1041 | E7: 179 | F7: -153 | G7: 1238 | H7: -24 | I7: 159 | J7: -358 | K7: 16434 | L7: =ABS(C7) | M7: =ABS(D7) | N7: =(C7-AVERAGE(C$4:C$213))/STDEVP(C$4:C$213) | O7: =L7/MEDIAN(L$4:L$213) | P7: =IF(N7>=요약!$C$5,"대량매수",IF(N7<=-요약!$C$5,"대량매도","")) | Q7: =(D7-AVERAGE(D$4:D$213))/STDEVP(D$4:D$213) | R7: =M7/MEDIAN(M$4:M$213) | S7: =IF(Q7>=요약!$C$5,"대량매수",IF(Q7<=-요약!$C$5,"대량매도",""))
A8: 46293 | B8: 26467 | C8: -32682 | D8: -10169 | E8: -1403 | F8: -312 | G8: -6759 | H8: -23 | I8: 149 | J8: -1821 | K8: 16384 | L8: =ABS(C8) | M8: =ABS(D8) | N8: =(C8-AVERAGE(C$4:C$213))/STDEVP(C$4:C$213) | O8: =L8/MEDIAN(L$4:L$213) | P8: =IF(N8>=요약!$C$5,"대량매수",IF(N8<=-요약!$C$5,"대량매도","")) | Q8: =(D8-AVERAGE(D$4:D$213))/STDEVP(D$4:D$213) | R8: =M8/MEDIAN(M$4:M$213) | S8: =IF(Q8>=요약!$C$5,"대량매수",IF(Q8<=-요약!$C$5,"대량매도",""))
A9: 46288 | B9: -14649 | C9: -4942 | D9: 3189 | E9: 3778 | F9: 77 | G9: -1378 | H9: -2 | I9: 135 | J9: 579 | K9: 16403 | L9: =ABS(C9) | M9: =ABS(D9) | N9: =(C9-AVERAGE(C$4:C$213))/STDEVP(C$4:C$213) | O9: =L9/MEDIAN(L$4:L$213) | P9: =IF(N9>=요약!$C$5,"대량매수",IF(N9<=-요약!$C$5,"대량매도","")) | Q9: =(D9-AVERAGE(D$4:D$213))/STDEVP(D$4:D$213) | R9: =M9/MEDIAN(M$4:M$213) | S9: =IF(Q9>=요약!$C$5,"대량매수",IF(Q9<=-요약!$C$5,"대량매도",""))
A10: 46287 | B10: -15643 | C10: 494 | D10: -1295 | E10: 2030 | F10: 42 | G10: -1008 | H10: 42 | I10: 187 | J10: -2589 | K10: 16443 | L10: =ABS(C10) | M10: =ABS(D10) | N10: =(C10-AVERAGE(C$4:C$213))/STDEVP(C$4:C$213) | O10: =L10/MEDIAN(L$4:L$213) | P10: =IF(N10>=요약!$C$5,"대량매수",IF(N10<=-요약!$C$5,"대량매도","")) | Q10: =(D10-AVERAGE(D$4:D$213))/STDEVP(D$4:D$213) | R10: =M10/MEDIAN(M$4:M$213) | S10: =IF(Q10>=요약!$C$5,"대량매수",IF(Q10<=-요약!$C$5,"대량매도",""))
A11: 46286 | B11: -31850 | C11: 117 | D11: 15162 | E11: 12694 | F11: -49 | G11: 2913 | H11: 27 | I11: 205 | J11: -630 | K11: 16572 | L11: =ABS(C11) | M11: =ABS(D11) | N11: =(C11-AVERAGE(C$4:C$213))/STDEVP(C$4:C$213) | O11: =L11/MEDIAN(L$4:L$213) | P11: =IF(N11>=요약!$C$5,"대량매수",IF(N11<=-요약!$C$5,"대량매도","")) | Q11: =(D11-AVERAGE(D$4:D$213))/STDEVP(D$4:D$213) | R11: =M11/MEDIAN(M$4:M$213) | S11: =IF(Q11>=요약!$C$5,"대량매수",IF(Q11<=-요약!$C$5,"대량매도",""))
A12: 46283 | B12: -36359 | C12: 4486 | D12: 15322 | E12: 12193 | F12: -190 | G12: 2072 | H12: 61 | I12: 218 | J12: 966 | K12: 16551 | L12: =ABS(C12) | M12: =ABS(D12) | N12: =(C12-AVERAGE(C$4:C$213))/STDEVP(C$4:C$213) | O12: =L12/MEDIAN(L$4:L$213) | P12: =IF(N12>=요약!$C$5,"대량매수",IF(N12<=-요약!$C$5,"대량매도","")) | Q12: =(D12-AVERAGE(D$4:D$213))/STDEVP(D$4:D$213) | R12: =M12/MEDIAN(M$4:M$213) | S12: =IF(Q12>=요약!$C$5,"대량매수",IF(Q12<=-요약!$C$5,"대량매도",""))
A13: 46282 | B13: 3020 | C13: -22546 | D13: 2480 | E13: 4039 | F13: -301 | G13: -1075 | H13: 12 | I13: 287 | J13: -482 | K13: 17046 | L13: =ABS(C13) | M13: =ABS(D13) | N13: =(C13-AVERAGE(C$4:C$213))/STDEVP(C$4:C$213) | O13: =L13/MEDIAN(L$4:L$213) | P13: =IF(N13>=요약!$C$5,"대량매수",IF(N13<=-요약!$C$5,"대량매도","")) | Q13: =(D13-AVERAGE(D$4:D$213))/STDEVP(D$4:D$213) | R13: =M13/MEDIAN(M$4:M$213) | S13: =IF(Q13>=요약!$C$5,"대량매수",IF(Q13<=-요약!$C$5,"대량매도",""))
A14: 46281 | B14: -12061 | C14: -16726 | D14: 12251 | E14: 7742 | F14: 171 | G14: 2470 | H14: -63 | I14: 197 | J14: 1734 | K14: 16536 | L14: =ABS(C14) | M14: =ABS(D14) | N14: =(C14-AVERAGE(C$4:C$213))/STDEVP(C$4:C$213) | O14: =L14/MEDIAN(L$4:L$213) | P14: =IF(N14>=요약!$C$5,"대량매수",IF(N14<=-요약!$C$5,"대량매도","")) | Q14: =(D14-AVERAGE(D$4:D$213))/STDEVP(D$4:D$213) | R14: =M14/MEDIAN(M$4:M$213) | S14: =IF(Q14>=요약!$C$5,"대량매수",IF(Q14<=-요약!$C$5,"대량매도",""))
A15: 46280 | B15: 8596 | C15: -15458 | D15: -9585 | E15: -6605 | F15: 101 | G15: -3510 | H15: 113 | I15: 204 | J15: 114 | K15: 16447 | L15: =ABS(C15) | M15: =ABS(D15) | N15: =(C15-AVERAGE(C$4:C$213))/STDEVP(C$4:C$213) | O15: =L15/MEDIAN(L$4:L$213) | P15: =IF(N15>=요약!$C$5,"대량매수",IF(N15<=-요약!$C$5,"대량매도","")) | Q15: =(D15-AVERAGE(D$4:D$213))/STDEVP(D$4:D$213) | R15: =M15/MEDIAN(M$4:M$213) | S15: =IF(Q15>=요약!$C$5,"대량매수",IF(Q15<=-요약!$C$5,"대량매도",""))
... A213: 45985 | B213: -4619 | C213: -7993 | D213: 12719 | E213: 11095 | F213: -137 | G213: 1913 | H213: 0 | I213: 75 | J213: -228 | K213: -107 | L213: =ABS(C213) | M213: =ABS(D213) | N213: =(C213-AVERAGE(C$4:C$213))/STDEVP(C$4:C$213) | O213: =L213/MEDIAN(L$4:L$213) | P213: =IF(N213>=요약!$C$5,"대량매수",IF(N213<=-요약!$C$5,"대량매도","")) | Q213: =(D213-AVERAGE(D$4:D$213))/STDEVP(D$4:D$213) | R213: =M213/MEDIAN(M$4:M$213) | S213: =IF(Q213>=요약!$C$5,"대량매수",IF(Q213<=-요약!$C$5,"대량매도",""))

Sheet 코스닥_일별
A1: 코스닥 투자자별 일별 순매수 (단위: 억원)
A2: 파란 글씨 = 원본 시트 값(입력), 검정 = 수식. 기타법인은 2026-08-20 이후 평소의 약 30배로 급증(원인 미확인). 대량 판정 임계값은 '요약' 시트 C5에서 변경.
A3: 날짜 | B3: 개인 | C3: 외국인 | D3: 기관계 | E3: 금융투자 | F3: 보험 | G3: 투신(사모) | H3: 은행 | I3: 기타금융기관 | J3: 연기금등 | K3: 기타법인 | L3: 외국인 |값| | M3: 기관계 |값| | N3: 외국인 z점수 | O3: 외국인 평소대비(배) | P3: 외국인 구분 | Q3: 기관계 z점수 | R3: 기관계 평소대비(배) | S3: 기관계 구분
A4: 46297 | B4: 822 | C4: -1743 | D4: 939 | E4: 870 | F4: 34 | G4: 23 | H4: -27 | I4: -4 | J4: 43 | K4: -18 | L4: =ABS(C4) | M4: =ABS(D4) | N4: =(C4-AVERAGE(C$4:C$213))/STDEVP(C$4:C$213) | O4: =L4/MEDIAN(L$4:L$213) | P4: =IF(N4>=요약!$C$5,"대량매수",IF(N4<=-요약!$C$5,"대량매도","")) | Q4: =(D4-AVERAGE(D$4:D$213))/STDEVP(D$4:D$213) | R4: =M4/MEDIAN(M$4:M$213) | S4: =IF(Q4>=요약!$C$5,"대량매수",IF(Q4<=-요약!$C$5,"대량매도",""))
A5: 46296 | B5: -7770 | C5: 2280 | D5: 5684 | E5: 3249 | F5: 175 | G5: 2154 | H5: -86 | I5: -538 | J5: 731 | K5: -195 | L5: =ABS(C5) | M5: =ABS(D5) | N5: =(C5-AVERAGE(C$4:C$213))/STDEVP(C$4:C$213) | O5: =L5/MEDIAN(L$4:L$213) | P5: =IF(N5>=요약!$C$5,"대량매수",IF(N5<=-요약!$C$5,"대량매도","")) | Q5: =(D5-AVERAGE(D$4:D$213))/STDEVP(D$4:D$213) | R5: =M5/MEDIAN(M$4:M$213) | S5: =IF(Q5>=요약!$C$5,"대량매수",IF(Q5<=-요약!$C$5,"대량매도",""))
A6: 46295 | B6: 188 | C6: -713 | D6: 482 | E6: -98 | F6: 58 | G6: 530 | H6: -61 | I6: -61 | J6: 115 | K6: 43 | L6: =ABS(C6) | M6: =ABS(D6) | N6: =(C6-AVERAGE(C$4:C$213))/STDEVP(C$4:C$213) | O6: =L6/MEDIAN(L$4:L$213) | P6: =IF(N6>=요약!$C$5,"대량매수",IF(N6<=-요약!$C$5,"대량매도","")) | Q6: =(D6-AVERAGE(D$4:D$213))/STDEVP(D$4:D$213) | R6: =M6/MEDIAN(M$4:M$213) | S6: =IF(Q6>=요약!$C$5,"대량매수",IF(Q6<=-요약!$C$5,"대량매도",""))
A7: 46294 | B7: 1469 | C7: -1305 | D7: 66 | E7: -595 | F7: 41 | G7: 200 | H7: -98 | I7: -68 | J7: 587 | K7: -230 | L7: =ABS(C7) | M7: =ABS(D7) | N7: =(C7-AVERAGE(C$4:C$213))/STDEVP(C$4:C$213) | O7: =L7/MEDIAN(L$4:L$213) | P7: =IF(N7>=요약!$C$5,"대량매수",IF(N7<=-요약!$C$5,"대량매도","")) | Q7: =(D7-AVERAGE(D$4:D$213))/STDEVP(D$4:D$213) | R7: =M7/MEDIAN(M$4:M$213) | S7: =IF(Q7>=요약!$C$5,"대량매수",IF(Q7<=-요약!$C$5,"대량매도",""))
A8: 46293 | B8: 223 | C8: 469 | D8: -747 | E8: -740 | F8: -22 | G8: 26 | H8: -20 | I8: -12 | J8: 21 | K8: 56 | L8: =ABS(C8) | M8: =ABS(D8) | N8: =(C8-AVERAGE(C$4:C$213))/STDEVP(C$4:C$213) | O8: =L8/MEDIAN(L$4:L$213) | P8: =IF(N8>=요약!$C$5,"대량매수",IF(N8<=-요약!$C$5,"대량매도","")) | Q8: =(D8-AVERAGE(D$4:D$213))/STDEVP(D$4:D$213) | R8: =M8/MEDIAN(M$4:M$213) | S8: =IF(Q8>=요약!$C$5,"대량매수",IF(Q8<=-요약!$C$5,"대량매도",""))
A9: 46288 | B9: 275 | C9: -462 | D9: 76 | E9: -668 | F9: 44 | G9: 674 | H9: -42 | I9: -31 | J9: 99 | K9: 111 | L9: =ABS(C9) | M9: =ABS(D9) | N9: =(C9-AVERAGE(C$4:C$213))/STDEVP(C$4:C$213) | O9: =L9/MEDIAN(L$4:L$213) | P9: =IF(N9>=요약!$C$5,"대량매수",IF(N9<=-요약!$C$5,"대량매도","")) | Q9: =(D9-AVERAGE(D$4:D$213))/STDEVP(D$4:D$213) | R9: =M9/MEDIAN(M$4:M$213) | S9: =IF(Q9>=요약!$C$5,"대량매수",IF(Q9<=-요약!$C$5,"대량매도",""))
A10: 46287 | B10: 1548 | C10: -545 | D10: -953 | E10: -485 | F10: 75 | G10: -650 | H10: -124 | I10: -21 | J10: 251 | K10: -50 | L10: =ABS(C10) | M10: =ABS(D10) | N10: =(C10-AVERAGE(C$4:C$213))/STDEVP(C$4:C$213) | O10: =L10/MEDIAN(L$4:L$213) | P10: =IF(N10>=요약!$C$5,"대량매수",IF(N10<=-요약!$C$5,"대량매도","")) | Q10: =(D10-AVERAGE(D$4:D$213))/STDEVP(D$4:D$213) | R10: =M10/MEDIAN(M$4:M$213) | S10: =IF(Q10>=요약!$C$5,"대량매수",IF(Q10<=-요약!$C$5,"대량매도",""))
A11: 46286 | B11: 1416 | C11: -995 | D11: -285 | E11: -255 | F11: -13 | G11: 102 | H11: -4 | I11: -108 | J11: -6 | K11: -136 | L11: =ABS(C11) | M11: =ABS(D11) | N11: =(C11-AVERAGE(C$4:C$213))/STDEVP(C$4:C$213) | O11: =L11/MEDIAN(L$4:L$213) | P11: =IF(N11>=요약!$C$5,"대량매수",IF(N11<=-요약!$C$5,"대량매도","")) | Q11: =(D11-AVERAGE(D$4:D$213))/STDEVP(D$4:D$213) | R11: =M11/MEDIAN(M$4:M$213) | S11: =IF(Q11>=요약!$C$5,"대량매수",IF(Q11<=-요약!$C$5,"대량매도",""))
A12: 46283 | B12: 162 | C12: -511 | D12: 250 | E12: -173 | F12: 36 | G12: 288 | H12: -12 | I12: -2 | J12: 113 | K12: 99 | L12: =ABS(C12) | M12: =ABS(D12) | N12: =(C12-AVERAGE(C$4:C$213))/STDEVP(C$4:C$213) | O12: =L12/MEDIAN(L$4:L$213) | P12: =IF(N12>=요약!$C$5,"대량매수",IF(N12<=-요약!$C$5,"대량매도","")) | Q12: =(D12-AVERAGE(D$4:D$213))/STDEVP(D$4:D$213) | R12: =M12/MEDIAN(M$4:M$213) | S12: =IF(Q12>=요약!$C$5,"대량매수",IF(Q12<=-요약!$C$5,"대량매도",""))
A13: 46282 | B13: -250 | C13: -329 | D13: 455 | E13: 178 | F13: 8 | G13: 325 | H13: -35 | I13: 2 | J13: -23 | K13: 125 | L13: =ABS(C13) | M13: =ABS(D13) | N13: =(C13-AVERAGE(C$4:C$213))/STDEVP(C$4:C$213) | O13: =L13/MEDIAN(L$4:L$213) | P13: =IF(N13>=요약!$C$5,"대량매수",IF(N13<=-요약!$C$5,"대량매도","")) | Q13: =(D13-AVERAGE(D$4:D$213))/STDEVP(D$4:D$213) | R13: =M13/MEDIAN(M$4:M$213) | S13: =IF(Q13>=요약!$C$5,"대량매수",IF(Q13<=-요약!$C$5,"대량매도",""))
A14: 46281 | B14: 62 | C14: -272 | D14: 222 | E14: 156 | F14: 16 | G14: 83 | H14: -15 | I14: -3 | J14: -15 | K14: -12 | L14: =ABS(C14) | M14: =ABS(D14) | N14: =(C14-AVERAGE(C$4:C$213))/STDEVP(C$4:C$213) | O14: =L14/MEDIAN(L$4:L$213) | P14: =IF(N14>=요약!$C$5,"대량매수",IF(N14<=-요약!$C$5,"대량매도","")) | Q14: =(D14-AVERAGE(D$4:D$213))/STDEVP(D$4:D$213) | R14: =M14/MEDIAN(M$4:M$213) | S14: =IF(Q14>=요약!$C$5,"대량매수",IF(Q14<=-요약!$C$5,"대량매도",""))
A15: 46280 | B15: -1478 | C15: 272 | D15: 1149 | E15: 625 | F15: 14 | G15: 401 | H15: -27 | I15: 69 | J15: 68 | K15: 58 | L15: =ABS(C15) | M15: =ABS(D15) | N15: =(C15-AVERAGE(C$4:C$213))/STDEVP(C$4:C$213) | O15: =L15/MEDIAN(L$4:L$213) | P15: =IF(N15>=요약!$C$5,"대량매수",IF(N15<=-요약!$C$5,"대량매도","")) | Q15: =(D15-AVERAGE(D$4:D$213))/STDEVP(D$4:D$213) | R15: =M15/MEDIAN(M$4:M$213) | S15: =IF(Q15>=요약!$C$5,"대량매수",IF(Q15<=-요약!$C$5,"대량매도",""))
... A213: 45985 | B213: 635 | C213: -393 | D213: -308 | E213: 447 | F213: -2 | G213: -695 | H213: -6 | I213: -47 | J213: -5 | K213: 66 | L213: =ABS(C213) | M213: =ABS(D213) | N213: =(C213-AVERAGE(C$4:C$213))/STDEVP(C$4:C$213) | O213: =L213/MEDIAN(L$4:L$213) | P213: =IF(N213>=요약!$C$5,"대량매수",IF(N213<=-요약!$C$5,"대량매도","")) | Q213: =(D213-AVERAGE(D$4:D$213))/STDEVP(D$4:D$213) | R213: =M213/MEDIAN(M$4:M$213) | S213: =IF(Q213>=요약!$C$5,"대량매수",IF(Q213<=-요약!$C$5,"대량매도",""))
